tag,grammar_k,word_k,normalized_match,exact_match,nm_count,exact_count,samples,elapsed_s,avg_ms_per_sample
g3_w0,3,0,0.49,0.0,0,0,100,431.9742383956909,4319.742383956909
g0_w0,0,0,0.31,0.0,0,0,100,216.17296767234802,2161.72967672348
g3_w2,3,2,0.31,0.0,0,0,100,129.72934818267822,1297.2934818267822
g0_w2,0,2,0.31,0.0,0,0,100,108.91342401504517,1089.1342401504517
